{
  "client": "FABIO LUCHESI (Primeset)",
  "project_model": "Inside Sales",
  "funnel_has_lead_quali": true,
  "projection_rules": {
    "max_conversion_rate": 0.95,
    "min_cost_per_impression": 0.20785460850538487,
    "media_lever_after_monthly_breakeven": true
  },
  "current_period": "Jun/26 fechado",
  "lt_period": "Mar/26 a Jun/26",
  "margin": 0.41,
  "monthly_fee": 15836.0,
  "monthly_media": 60000.0,
  "source_mapping": {
    "fee": "Strategy Review / Flow (fee R$ 15.836 — GP sem linha de fee mensal)",
    "media": "Growth Pack > 6.0 Acompanhamento Mensal > linha 5 Investimento (histórico); Flow R$ 60.000 competência",
    "revenue": "Growth Pack > 6.0 Acompanhamento Mensal > linha 17 Receita Faturada",
    "funnel": "Impressões linha 7, Cliques linha 8, Leads linha 9, Leads no Ploomes linha 10, MQL linha 13, SQL linha 15, Vendas linha 16"
  },
  "source_months": [
    [
      "Mar/26",
      15836.0,
      28314.66,
      172734.0,
      193.0,
      50.0,
      39638.55
    ],
    [
      "Abr/26",
      15836.0,
      24459.12,
      144177.0,
      186.0,
      54.0,
      65522.89
    ],
    [
      "Mai/26",
      15836.0,
      25427.77,
      79664.0,
      125.0,
      37.0,
      36303.9
    ],
    [
      "Jun/26",
      15836.0,
      24363.25,
      99631.0,
      95.0,
      18.0,
      12325.5
    ]
  ],
  "benchmark_months": [
    [
      "Mar/26",
      172734.0,
      4217.0,
      778.0,
      559.0,
      356.0,
      193.0,
      50.0,
      50.0
    ],
    [
      "Abr/26",
      144177.0,
      4308.0,
      541.0,
      457.0,
      291.0,
      186.0,
      54.0,
      54.0
    ],
    [
      "Mai/26",
      79664.0,
      9512.0,
      467.0,
      381.0,
      247.0,
      125.0,
      37.0,
      37.0
    ],
    [
      "Jun/26",
      99631.0,
      12313.0,
      263.0,
      222.0,
      153.0,
      95.0,
      18.0,
      18.0
    ]
  ],
  "current_funnel": {
    "sessions": 99631.0,
    "page_view": 99631.0,
    "view_item": 12313.0,
    "add_to_cart": 263.0,
    "view_cart": 222.0,
    "begin_checkout": 153.0,
    "add_shipping_info": 95.0,
    "add_payment_info": 18.0,
    "orders": 95.0,
    "sales": 18.0,
    "purchase": 18.0,
    "revenue": 12325.5,
    "media": 24363.25
  },
  "minimum_scenario": {
    "revenue": [
      188665.17,
      207531.69,
      228284.86,
      251113.34,
      276224.68,
      303847.14,
      334231.86
    ],
    "session_view": [
      0.12358603245977658,
      0.12461591606360806,
      0.12564579966743952,
      0.126675683271271,
      0.12770556687510248,
      0.12873545047893395,
      0.12976533408276542
    ],
    "view_add": [
      0.021359538698936083,
      0.03308378260833321,
      0.04480802651773034,
      0.05653227042712747,
      0.06825651433652459,
      0.07998075824592171,
      0.09170500215531885
    ],
    "lead_lead_quali": [
      0.844106463878327,
      0.8483269961977187,
      0.8525475285171102,
      0.8567680608365019,
      0.8609885931558936,
      0.8652091254752852,
      0.8694296577946768
    ],
    "lead_quali_mql": [
      0.6891891891891891,
      0.6983783783783784,
      0.7075675675675676,
      0.7167567567567568,
      0.7259459459459459,
      0.7351351351351351,
      0.7443243243243243
    ],
    "mql_sql": [
      0.6209150326797386,
      0.6260893246187365,
      0.6312636165577342,
      0.636437908496732,
      0.6416122004357299,
      0.6467864923747277,
      0.6519607843137255
    ],
    "sql_sale": [
      0.18947368421052632,
      0.192,
      0.19452631578947369,
      0.19705263157894737,
      0.19957894736842108,
      0.20210526315789476,
      0.20463157894736844
    ],
    "add_cart_purchase": [
      0.06844106463878327,
      0.06901140684410646,
      0.06958174904942967,
      0.07015209125475286,
      0.07072243346007605,
      0.07129277566539925,
      0.07186311787072244
    ],
    "approval_target": 1.0,
    "order_sale": [
      1.0,
      1.0,
      1.0,
      1.0,
      1.0,
      1.0,
      1.0
    ]
  },
  "scenarios": {
    "Pessimista": {
      "media": [
        60000.0,
        60000.0,
        60000.0,
        60000.0,
        60000.0,
        60000.0,
        60000.0
      ],
      "revenue": [
        188665.17,
        196211.78,
        204060.25,
        212222.66,
        220711.56,
        229540.03,
        238721.63
      ],
      "ticket": [
        967.24,
        972.07,
        976.91,
        981.75,
        986.58,
        991.42,
        996.26
      ],
      "session_view": [
        0.12358603245977658,
        0.11493087442183246,
        0.10627571638388836,
        0.09762055834594424,
        0.08896540030800013,
        0.08031024227005602,
        0.0716550842321119
      ],
      "view_add": [
        0.021359538698936083,
        0.021288340236606296,
        0.02121714177427651,
        0.021145943311946722,
        0.021074744849616935,
        0.021003546387287148,
        0.02093234792495736
      ],
      "view_cart_share": [
        0.0015356666097901255,
        0.0013853963145922345,
        0.001242224212815498,
        0.001105984211875568,
        0.00097651162536382,
        0.0008536431730473517,
        0.0007372169808689835
      ],
      "add_view_cart": [
        0.844106463878327,
        0.8362182362950961,
        0.8283300087118652,
        0.8204417811286344,
        0.8125535535454035,
        0.8046653259621726,
        0.7967770983789417
      ],
      "viewcart_checkout": [
        0.6891891891891891,
        0.6771359630304878,
        0.6650827368717864,
        0.6530295107130851,
        0.6409762845543838,
        0.6289230583956824,
        0.6168698322369811
      ],
      "checkout_shipping": [
        0.6209150326797386,
        0.6104731830310152,
        0.6000313333822918,
        0.5895894837335683,
        0.5791476340848449,
        0.5687057844361215,
        0.5582639347873981
      ],
      "shipping_payment": [
        0.18947368421052632,
        0.1888421052631579,
        0.18821052631578947,
        0.18757894736842107,
        0.18694736842105264,
        0.1863157894736842,
        0.18568421052631578
      ],
      "payment_order": [
        1.0,
        1.0,
        1.0,
        1.0,
        1.0,
        1.0,
        1.0
      ],
      "order_sale": [
        1.0,
        1.0,
        1.0,
        1.0,
        1.0,
        1.0,
        1.0
      ],
      "tab_color": "#C55A11"
    },
    "Realista": {
      "media": [
        60000.0,
        60000.0,
        60000.0,
        60000.0,
        60000.0,
        60000.0,
        60000.0
      ],
      "revenue": [
        188665.17,
        207531.69,
        228284.86,
        251113.34,
        276224.68,
        303847.14,
        334231.86
      ],
      "ticket": [
        967.24,
        972.07,
        976.91,
        981.75,
        986.58,
        991.42,
        996.26
      ],
      "session_view": [
        0.12358603245977658,
        0.12461591606360806,
        0.12564579966743952,
        0.126675683271271,
        0.12770556687510248,
        0.12873545047893395,
        0.12976533408276542
      ],
      "view_add": [
        0.021359538698936083,
        0.03308378260833321,
        0.04480802651773034,
        0.05653227042712747,
        0.06825651433652459,
        0.07998075824592171,
        0.09170500215531885
      ],
      "view_cart_share": [
        0.0015356666097901255,
        0.002438555271827,
        0.0033852959603947,
        0.004376965227280305,
        0.00541465133158905,
        0.006499454239744331,
        0.007632485625487697
      ],
      "add_view_cart": [
        0.844106463878327,
        0.8511406844106464,
        0.8581749049429658,
        0.8652091254752852,
        0.8722433460076046,
        0.879277566539924,
        0.8863117870722433
      ],