{
  "client": "Dalpack",
  "project_model": "E-commerce B2B",
  "current_period": "Maio/2026 fechado",
  "lt_period": "Nov/2025 a Jun/2026",
  "margin": 0.15,
  "monthly_fee": 5500,
  "monthly_media": 5000,
  "source_mapping": {
    "fee": "na linha 6",
    "media": "na linha 9",
    "revenue": "na linha 28"
  },
  "source_months": [
    ["Nov/25", 5500, 3635.07, 6645, 128, 104, 27215.28],
    ["Dez/25", 5500, 4325.19, 5415, 128, 107, 28908.60],
    ["Jan/26", 5500, 4503.52682, 5735, 117, 96, 35238.68],
    ["Fev/26", 5500, 5047.652545, 7340, 87, 71, 18132.38],
    ["Mar/26", 5500, 4963.856255, 6323, 123, 101, 30923.47],
    ["Abr/26", 5500, 4958.203765, 4878, 116, 98, 30903.38],
    ["Mai/26", 5500, 4934.827985, 5307, 112, 100, 30112.98],
    ["Jun/26", 5500, 2794.84202, 2809, 56, 45, 12701.51]
  ],
  "benchmark_months": [
    ["Nov/25", 6645, 5692, 776, 998, 222, 260, 178, 107],
    ["Dez/25", 5415, 4989, 945, 591, 244, 239, 187, 110],
    ["Jan/26", 6445, 6030, 946, 554, 215, 207, 148, 110],
    ["Fev/26", 7340, 6590, 920, 620, 212, 198, 137, 68],
    ["Mar/26", 6323, 5938, 970, 582, 251, 239, 181, 105],
    ["Abr/26", 4878, 3994, 919, 309, 222, 552, 325, 107],
    ["Mai/26", 5307, 4223, 187, 306, 223, 495, 327, 105],
    ["Jun/26", 2809, 2628, 583, 197, 167, 367, 249, 80]
  ],
  "current_funnel": {
    "sessions": 5307,
    "page_view": 15595,
    "view_item": 4223,
    "add_to_cart": 187,
    "view_cart": 306,
    "begin_checkout": 223,
    "add_shipping_info": 495,
    "add_payment_info": 327,
    "orders": 112,
    "sales": 100,
    "purchase": 105,
    "revenue": 30112.98,
    "media": 4934.827985
  },
  "minimum_scenario": {
    "revenue": [61600, 79800, 98600, 118000, 132000, 148800],
    "session_view": [0.80, 0.82, 0.84, 0.86, 0.88, 0.89, 0.90],
    "view_add": [0.045, 0.047, 0.049, 0.051, 0.053, 0.055, 0.0585],
    "add_cart_purchase": 0.5614973262,
    "approval_target": 0.85
  },
  "scenarios": {
    "Pessimista": {
      "media": [5000, 5000, 5000, 5000, 5000, 5000, 5000],
      "revenue": [35000, 40000, 45000, 50000, 55000, 60000, 65000],
      "ticket": [300, 302, 304, 306, 308, 310, 312],
      "session_view": [0.80, 0.81, 0.82, 0.83, 0.84, 0.85, 0.86],
      "view_cart_share": [0.140, 0.142, 0.144, 0.146, 0.148, 0.149, 0.150],
      "add_view_cart": [0.80, 0.80, 0.80, 0.80, 0.80, 0.80, 0.80],
      "viewcart_checkout": [0.750, 0.760, 0.770, 0.780, 0.790, 0.795, 0.800],
      "checkout_shipping": [0.700, 0.710, 0.720, 0.730, 0.740, 0.745, 0.750],
      "shipping_payment": [0.660, 0.670, 0.680, 0.690, 0.695, 0.700, 0.705],
      "payment_order": [0.3425, 0.345, 0.348, 0.351, 0.354, 0.357, 0.360],
      "order_sale": [0.8929, 0.8930, 0.8935, 0.8940, 0.8945, 0.8950, 0.8950],
      "tab_color": "#C55A11"
    },
    "Realista": {
      "media": [5000, 5000, 8000, 8000, 11000, 11000, 11000],
      "revenue": [55000, 75000, 121000, 146000, 187000, 197000, 202000],
      "ticket": [305, 308, 312, 315, 318, 322, 325],
      "session_view": [0.80, 0.82, 0.84, 0.86, 0.88, 0.89, 0.90],
      "view_cart_share": [0.1519, 0.1530, 0.1540, 0.1550, 0.1560, 0.1580, 0.1600],
      "add_view_cart": [0.85, 0.85, 0.85, 0.85, 0.85, 0.85, 0.85],
      "viewcart_checkout": [0.897, 0.897, 0.898, 0.898, 0.899, 0.899, 0.900],
      "checkout_shipping": [0.6846, 0.695, 0.705, 0.715, 0.725, 0.735, 0.745],
      "shipping_payment": [0.6606, 0.675, 0.690, 0.700, 0.710, 0.720, 0.730],
      "payment_order": [0.3599, 0.3648, 0.3737, 0.3845, 0.3938, 0.4000, 0.4048],
      "order_sale": [0.8929, 0.8940, 0.8950, 0.8960, 0.8970, 0.8980, 0.8990],
      "tab_color": "#5B9BD5"
    },
    "Otimista": {
      "media": [5000, 5000, 8000, 8000, 11000, 11000, 11000],
      "revenue": [65000, 90000, 144000, 169000, 213000, 228000, 243000],
      "ticket": [310, 315, 320, 325, 330, 335, 340],
      "session_view": [0.82, 0.84, 0.86, 0.88, 0.90, 0.92, 0.94],
      "view_cart_share": [0.1530, 0.1550, 0.1570, 0.1590, 0.1610, 0.1640, 0.1658],
      "add_view_cart": [0.88, 0.88, 0.88, 0.88, 0.88, 0.88, 0.88],
      "viewcart_checkout": [0.897, 0.898, 0.898, 0.899, 0.899, 0.900, 0.900],
      "checkout_shipping": [0.695, 0.710, 0.725, 0.740, 0.750, 0.755, 0.760],
      "shipping_payment": [0.675, 0.690, 0.705, 0.720, 0.730, 0.740, 0.740],
      "payment_order": [0.3648, 0.3687, 0.3717, 0.3733, 0.3794, 0.3844, 0.3906],
      "order_sale": [0.894, 0.895, 0.896, 0.897, 0.898, 0.899, 0.900],
      "tab_color": "#70AD47"
    }
  },
  "context": {
    "product": "Executar",
    "phase": "Estabilização pós-migração",
    "main_risk": "Tracking, volume e fechamento do checkout",
    "diagnosis": [
      "Preencher com evidências do Growth Pack, campanhas e operação."
    ],
    "actions": [
      "Preencher plano 5W1H após validar causas e responsáveis."
    ]
  }
}
